{
  "test_accuracy": 0.800684928894043,
  "test_loss": 0.530478298664093,
  "classification_report": {
    "angry": {
      "precision": 0.8232931726907631,
      "recall": 0.8649789029535865,
      "f1-score": 0.8436213991769548,
      "support": 237.0
    },
    "disgust": {
      "precision": 0.7063197026022305,
      "recall": 0.8016877637130801,
      "f1-score": 0.7509881422924901,
      "support": 237.0
    },
    "fearful": {
      "precision": 0.8617511520737328,
      "recall": 0.7890295358649789,
      "f1-score": 0.8237885462555066,
      "support": 237.0
    },
    "happy": {
      "precision": 0.8227848101265823,
      "recall": 0.8227848101265823,
      "f1-score": 0.8227848101265823,
      "support": 237.0
    },
    "neutral": {
      "precision": 0.8677248677248677,
      "recall": 0.8282828282828283,
      "f1-score": 0.8475452196382429,
      "support": 198.0
    },
    "sad": {
      "precision": 0.8826291079812206,
      "recall": 0.7932489451476793,
      "f1-score": 0.8355555555555556,
      "support": 237.0
    },
    "surprised": {
      "precision": 0.46511627906976744,
      "recall": 0.5194805194805194,
      "f1-score": 0.49079754601226994,
      "support": 77.0
    },
    "accuracy": 0.8006849315068493,
    "macro avg": {
      "precision": 0.7756598703241664,
      "recall": 0.7742133293670365,
      "f1-score": 0.7735830312939431,
      "support": 1460.0
    },
    "weighted avg": {
      "precision": 0.8072327742296981,
      "recall": 0.8006849315068493,
      "f1-score": 0.8025975191704089,
      "support": 1460.0
    }
  },
  "confusion_matrix": [
    [
      205,
      10,
      2,
      9,
      1,
      3,
      7
    ],
    [
      12,
      190,
      2,
      7,
      11,
      2,
      13
    ],
    [
      14,
      13,
      187,
      10,
      0,
      5,
      8
    ],
    [
      8,
      13,
      6,
      195,
      2,
      2,
      11
    ],
    [
      0,
      14,
      0,
      4,
      164,
      11,
      5
    ],
    [
      2,
      16,
      12,
      7,
      10,
      188,
      2
    ],
    [
      8,
      13,
      8,
      5,
      1,
      2,
      40
    ]
  ],
  "lda_explained_variance": [
    0.38442811369895935,
    0.19502153992652893,
    0.17603890597820282,
    0.12585312128067017,
    0.09649680554866791,
    0.022161422297358513
  ],
  "lda_total_variance": 0.9999999403953552,
  "training_history": {
    "loss": [
      1.189283013343811,
      0.7448775172233582,
      0.6665641069412231,
      0.6493358016014099,
      0.6135964393615723,
      0.6070038080215454,
      0.5963036417961121,
      0.595906674861908,
      0.589490532875061,
      0.5779924988746643,
      0.5805618762969971,
      0.5640703439712524,
      0.5601589679718018,
      0.5616844892501831,
      0.5495407581329346,
      0.5541951060295105,
      0.5507100820541382,
      0.5459156036376953,
      0.5457637310028076,
      0.5399115681648254,
      0.5298632383346558,
      0.5382137894630432,
      0.538665771484375,
      0.5281983613967896,
      0.5464274287223816,
      0.5291460752487183,
      0.5238519310951233,
      0.5294686555862427,
      0.519008219242096,
      0.5222621560096741,
      0.5223240256309509,
      0.527128279209137,
      0.5145927667617798,
      0.5162885189056396,
      0.5235318541526794,
      0.5226906538009644,
      0.5272458791732788,
      0.5084747076034546,
      0.5099478363990784,
      0.5063056349754333,
      0.5061542391777039,
      0.5001015067100525,
      0.5005773901939392,
      0.5042436122894287,
      0.49680081009864807,
      0.5038347840309143,
      0.5087599754333496,
      0.5008899569511414,
      0.5005357265472412,
      0.5031390190124512,
      0.5004050135612488,
      0.4959491789340973,
      0.4942907691001892,
      0.4960344433784485,
      0.4998796582221985,
      0.4906955659389496,
      0.49767711758613586,
      0.4951614439487457,
      0.49286407232284546,
      0.48911628127098083,
      0.4928933382034302,
      0.4942745566368103,
      0.4886128306388855,
      0.491392582654953,
      0.4924571216106415,
      0.4939577281475067,
      0.4917391836643219,
      0.48241493105888367,
      0.49901947379112244,
      0.4855632781982422,
      0.48501354455947876,
      0.4934896230697632,
      0.49086639285087585
    ],
    "accuracy": [
      0.5762639045715332,
      0.7356469631195068,
      0.769280195236206,
      0.7712082266807556,
      0.7874892950057983,
      0.7866324186325073,
      0.7932733297348022,
      0.7902742028236389,
      0.7892031073570251,
      0.7964867353439331,
      0.8037703633308411,
      0.7982004880905151,
      0.8035561442375183,
      0.8056983947753906,
      0.8029134273529053,
      0.8029134273529053,
      0.8071979284286499,
      0.8054841756820679,
      0.8076263666152954,
      0.8054841756820679,
      0.808697521686554,
      0.8080548644065857,
      0.8046272397041321,
      0.8106255531311035,
      0.8065552711486816,
      0.8164095878601074,
      0.8136246800422668,
      0.8104113340377808,
      0.809554398059845,
      0.8157669305801392,
      0.8134104609489441,
      0.8131962418556213,
      0.8138388991355896,
      0.8194087147712708,
      0.8112682104110718,
      0.8106255531311035,
      0.8146957755088806,
      0.8170522451400757,
      0.8159811496734619,
      0.8217651844024658,
      0.8217651844024658,
      0.8273350596427917,
      0.8204798698425293,
      0.8181234002113342,
      0.8213367462158203,
      0.8221936821937561,
      0.8230505585670471,
      0.8166238069534302,
      0.8194087147712708,
      0.8189802765846252,
      0.8170522451400757,
      0.8234789967536926,
      0.8202656507492065,
      0.8204798698425293,
      0.8187660574913025,
      0.8245501518249512,
      0.8194087147712708,
      0.8239074349403381,
      0.8202656507492065,
      0.8202656507492065,
      0.8254070281982422,
      0.8262639045715332,
      0.8213367462158203,
      0.8236932158470154,
      0.8241216540336609,
      0.8241216540336609,
      0.8194087147712708,
      0.8189802765846252,
      0.8200514316558838,
      0.8262639045715332,
      0.8243359327316284,
      0.8228363394737244,
      0.8213367462158203
    ],