{
  "original_dimensions": 180,
  "lda_dimensions": 6,
  "dimension_reduction_percentage": 96.66666666666667,
  "explained_variance_ratio": [
    0.38442811369895935,
    0.19502153992652893,
    0.17603890597820282,
    0.12585312128067017,
    0.09649680554866791,
    0.022161422297358513
  ],
  "total_variance_explained": 0.9999999403953552,
  "emotion_classes": [
    "angry",
    "disgust",
    "fearful",
    "happy",
    "neutral",
    "sad",
    "surprised"
  ],
  "centroids_distances": [
    [
      0.0,
      4.398023818507699,
      4.537735801766448,
      3.963088342122155,
      6.5991274779842595,
      5.149254020320182,
      3.6412272935046204
    ],
    [
      4.398023818507699,
      0.0,
      4.663108799124601,
      3.6665530279957386,
      5.5319000173995345,
      4.098279724192451,
      3.067496828069009
    ],
    [
      4.537735801766448,
      4.663108799124601,
      0.0,
      3.941117821301727,
      6.525991275591575,
      4.952198546915242,
      3.8242601718798532
    ],
    [
      3.963088342122155,
      3.6665530279957386,
      3.941117821301727,
      0.0,
      5.858059856936228,
      4.287892220771363,
      3.059612243401594
    ],
    [
      6.5991274779842595,
      5.5319000173995345,
      6.525991275591575,
      5.858059856936228,
      0.0,
      5.616617092484106,
      5.465757422403139
    ],
    [
      5.149254020320182,
      4.098279724192451,
      4.952198546915242,
      4.287892220771363,
      5.616617092484106,
      0.0,
      3.906380441596081
    ],
    [
      3.6412272935046204,
      3.067496828069009,
      3.8242601718798532,
      3.059612243401594,
      5.465757422403139,
      3.906380441596081,
      0.0
    ]
  ]
}